img,cls
database\00A61DA\00A6.jpg,database\00A61DA
database\00A61DA\5B01.jpg,database\00A61DA
database\00A61DA\9E3E.jpg,database\00A61DA
database\00A61DA\B6F3.jpg,database\00A61DA
database\00A61DA\E8D1.jpg,database\00A61DA
database\00A61DA\F8AD.jpg,database\00A61DA
database\00D6E2A\2997.jpg,database\00D6E2A
database\00D6E2A\6B0D.jpg,database\00D6E2A
database\00D6E2A\9CB7.jpg,database\00D6E2A
database\00D6E2A\A59C.jpg,database\00D6E2A
database\00D6E2A\B568.jpg,database\00D6E2A
database\00D6E2A\CD95.jpg,database\00D6E2A
database\00D6EFD\00D6.jpg,database\00D6EFD
database\00D6EFD\19CB.jpg,database\00D6EFD
database\00D6EFD\74BD.jpg,database\00D6EFD
database\00D6EFD\9DB6.jpg,database\00D6EFD
database\00D6EFD\A667.jpg,database\00D6EFD
database\00D6EFD\E8ED.jpg,database\00D6EFD
database\00FC7A8\00FC.jpg,database\00FC7A8
database\00FC7A8\32A6.jpg,database\00FC7A8
database\00FC7A8\5B57.jpg,database\00FC7A8
database\00FC7A8\CE76.jpg,database\00FC7A8
database\0A1D677\0A1D.jpg,database\0A1D677
database\0A1D677\23CE.jpg,database\0A1D677
database\0A1D677\96FD.jpg,database\0A1D677
database\0A59CA6\0A59.jpg,database\0A59CA6
database\0A59CA6\3B03.jpg,database\0A59CA6
database\0A59CA6\5DE1.jpg,database\0A59CA6
database\0A59CA6\9E56.jpg,database\0A59CA6
database\0AD730C\0AD7.jpg,database\0AD730C
database\0AD730C\8FBF.jpg,database\0AD730C
database\0AD730C\97B8.jpg,database\0AD730C
database\0AD730C\9870.jpg,database\0AD730C
database\0AD730C\B069.jpg,database\0AD730C
database\0AFC398\1BB4.jpg,database\0AFC398
database\0AFC398\6622.jpg,database\0AFC398
database\0AFC398\7F17.jpg,database\0AFC398
database\0AFC398\8FD3.jpg,database\0AFC398
database\0AFC398\F203.jpg,database\0AFC398
database\0B431DD\0B43.jpg,database\0B431DD
database\0B431DD\0E2E.jpg,database\0B431DD
database\0B431DD\3DED.jpg,database\0B431DD
database\0B431DD\8900.jpg,database\0B431DD
database\0B431DD\9405.jpg,database\0B431DD
database\0B431DD\9BFB.jpg,database\0B431DD
database\0EEC9A6\0EEC.jpg,database\0EEC9A6
database\0EEC9A6\0F95.jpg,database\0EEC9A6
database\0EEC9A6\2073.jpg,database\0EEC9A6
database\0EEC9A6\279D.jpg,database\0EEC9A6
database\0EEC9A6\9ABD.jpg,database\0EEC9A6
database\0EEC9A6\A45A.jpg,database\0EEC9A6
database\0EEC9A6\BD53.jpg,database\0EEC9A6
database\0EEC9A6\CD2F.jpg,database\0EEC9A6